Workbook
Name RoadmapPhase: 'Lookup'!$B$2:$B$8
Name TaskType: 'Lookup'!$B$9:$B$18
Name Category: 'Lookup'!$B$19:$B$32
Name SystemProject: 'Lookup'!$B$33:$B$45
Name EvidenceProduced: 'Lookup'!$B$46:$B$48
Name YesNoNA: 'Lookup'!$B$49:$B$51
Name YesNo: 'Lookup'!$B$52:$B$53
Name EnergyLevel: 'Lookup'!$B$54:$B$58
Name SchoolRiskLevel: 'Lookup'!$B$59:$B$61
Name Status: 'Lookup'!$B$62:$B$67
Name ReviewStatus: 'Lookup'!$B$68:$B$72
Name DecisionNextWeek: 'Lookup'!$B$73:$B$79
Name WIPStatus: 'Lookup'!$B$80:$B$82
Name ActionRequired: 'Lookup'!$B$83:$B$88
Name ChaosModeStatus: 'Lookup'!$B$89:$B$91
Name AllowedWork: 'Lookup'!$B$92:$B$98
Name BannedWork: 'Lookup'!$B$99:$B$104
Name RecoveryAction: 'Lookup'!$B$105:$B$111
Name EvidenceType: 'Lookup'!$B$112:$B$123
Name EvidenceLevel: 'Lookup'!$B$124:$B$128
Name EvidenceQueueStatus: 'Lookup'!$B$129:$B$133
Name CertificationTrack: 'Lookup'!$B$134:$B$137
Name StudyType: 'Lookup'!$B$138:$B$143
Name StressLevel: 'Lookup'!$B$144:$B$146
Name ContextSwitchingLevel: 'Lookup'!$B$147:$B$149
Name MonthlyDecision: 'Lookup'!$B$150:$B$156
Name WorkStatus: 'Lookup'!$B$157:$B$162
Name SchoolStatus: 'Lookup'!$B$163:$B$167

Sheet Dashboard
A1: DevSecOps Weekly Dashboard
A2: Measurement layer for Break -> Measure -> Fix -> Document. Missing evidence means unfinished work.
A4: Current Week Summary | D4: Roadmap Balance | G4: Status Cards
A5: Week Start | B5: =IFERROR(MAX('Daily Log'!$A$2:$A$501)-WEEKDAY(MAX('Daily Log'!$A$2:$A$501),2)+1,TODAY()-WEEKDAY(TODAY(),2)+1) | D5: Theory Mapping | E5: =IFERROR(SUMIFS('Daily Log'!$U:$U,'Daily Log'!$A:$A,">="&$B$5,'Daily Log'!$A:$A,"<="&$B$6,'Daily Log'!$H:$H,D5),0) | G5: WIP Status | H5: =B20
A6: Week End | B6: =B5+6 | D6: Build | E6: =IFERROR(SUMIFS('Daily Log'!$U:$U,'Daily Log'!$A:$A,">="&$B$5,'Daily Log'!$A:$A,"<="&$B$6,'Daily Log'!$H:$H,D6),0) | G6: Evidence Status | H6: =IF(B12=0,"Missing",IF(B12<2,"Low","OK"))
A7: Total Focus Hours | B7: =IFERROR(SUMIFS('Daily Log'!$U:$U,'Daily Log'!$A:$A,">="&$B$5,'Daily Log'!$A:$A,"<="&$B$6),0) | D7: Break / Failure Injection | E7: =IFERROR(SUMIFS('Daily Log'!$U:$U,'Daily Log'!$A:$A,">="&$B$5,'Daily Log'!$A:$A,"<="&$B$6,'Daily Log'!$H:$H,D7),0) | G7: School Risk | H7: =B19
A8: Homelab Hours | B8: =IFERROR(SUMIFS('Daily Log'!$U:$U,'Daily Log'!$A:$A,">="&$B$5,'Daily Log'!$A:$A,"<="&$B$6,'Daily Log'!$I:$I,"<>University",'Daily Log'!$I:$I,"<>Certification",'Daily Log'!$H:$H,"<>Recovery"),0) | D8: Measure | E8: =IFERROR(SUMIFS('Daily Log'!$U:$U,'Daily Log'!$A:$A,">="&$B$5,'Daily Log'!$A:$A,"<="&$B$6,'Daily Log'!$H:$H,D8),0) | G8: Chaos Mode | H8: =IF(B15>0,"On",IF(B18<6,"Watch","Off"))
A9: Certification Hours | B9: =IFERROR(SUMIFS('Daily Log'!$U:$U,'Daily Log'!$A:$A,">="&$B$5,'Daily Log'!$A:$A,"<="&$B$6,'Daily Log'!$I:$I,"Certification"),0) | D9: Fix | E9: =IFERROR(SUMIFS('Daily Log'!$U:$U,'Daily Log'!$A:$A,">="&$B$5,'Daily Log'!$A:$A,"<="&$B$6,'Daily Log'!$H:$H,D9),0) | G9: Weekly Review | H9: =B14
A10: University Hours | B10: =IFERROR(SUMIFS('Daily Log'!$U:$U,'Daily Log'!$A:$A,">="&$B$5,'Daily Log'!$A:$A,"<="&$B$6,'Daily Log'!$I:$I,"University"),0) | D10: Document | E10: =IFERROR(SUMIFS('Daily Log'!$U:$U,'Daily Log'!$A:$A,">="&$B$5,'Daily Log'!$A:$A,"<="&$B$6,'Daily Log'!$H:$H,D10),0)
A11: Documentation Hours | B11: =IFERROR(SUMIFS('Daily Log'!$U:$U,'Daily Log'!$A:$A,">="&$B$5,'Daily Log'!$A:$A,"<="&$B$6,'Daily Log'!$H:$H,"Document"),0) | D11: Certification Drill | E11: =IFERROR(SUMIFS('Daily Log'!$U:$U,'Daily Log'!$A:$A,">="&$B$5,'Daily Log'!$A:$A,"<="&$B$6,'Daily Log'!$H:$H,D11),0)
A12: Evidence Items Created | B12: =IFERROR(COUNTIFS('Daily Log'!$A:$A,">="&$B$5,'Daily Log'!$A:$A,"<="&$B$6,'Daily Log'!$O:$O,"Yes")+COUNTIFS('Daily Log'!$A:$A,">="&$B$5,'Daily Log'!$A:$A,"<="&$B$6,'Daily Log'!$O:$O,"Partial"),0) | D12: University Work | E12: =IFERROR(SUMIFS('Daily Log'!$U:$U,'Daily Log'!$A:$A,">="&$B$5,'Daily Log'!$A:$A,"<="&$B$6,'Daily Log'!$H:$H,D12),0) | G12: Alerts
A13: Labs Completed | B13: =IFERROR(COUNTIFS('Daily Log'!$A:$A,">="&$B$5,'Daily Log'!$A:$A,"<="&$B$6,'Daily Log'!$Z:$Z,"Done",'Daily Log'!$H:$H,"Build")+COUNTIFS('Daily Log'!$A:$A,">="&$B$5,'Daily Log'!$A:$A,"<="&$B$6,'Daily Log'!$Z:$Z,"Done",'Daily Log'!$H:$H,"Break / Failure Injection")+COUNTIFS('Daily Log'!$A:$A,">="&$B$5,'Daily Log'!$A:$A,"<="&$B$6,'Daily Log'!$Z:$Z,"Done",'Daily Log'!$H:$H,"Measure")+COUNTIFS('Daily Log'!$A:$A,">="&$B$5,'Daily Log'!$A:$A,"<="&$B$6,'Daily Log'!$Z:$Z,"Done",'Daily Log'!$H:$H,"Fix")+COUNTIFS('Daily Log'!$A:$A,">="&$B$5,'Daily Log'!$A:$A,"<="&$B$6,'Daily Log'!$Z:$Z,"Done",'Daily Log'!$H:$H,"Document"),0) | D13: Recovery | E13: =IFERROR(SUMIFS('Daily Log'!$U:$U,'Daily Log'!$A:$A,">="&$B$5,'Daily Log'!$A:$A,"<="&$B$6,'Daily Log'!$H:$H,D13),0) | G13: =IF($B$17<6,"Sleep debt risk","")
A14: Review Gate Status | B14: =IFERROR(INDEX('Weekly Review'!$T$2:$T$501,MATCH($B$5,'Weekly Review'!$A$2:$A$501,0)),"Not Started") | G14: =IF(AND($B$12=0,$B$7>4),"Work without evidence","")
A15: Chaos Mode Days | B15: =IFERROR(COUNTIFS('Chaos Mode'!$A:$A,">="&$B$5,'Chaos Mode'!$A:$A,"<="&$B$6,'Chaos Mode'!$H:$H,"On"),0) | G15: =IF($B$18="Red","Pause optional homelab failure injection","")
A16: Average Energy | B16: =IFERROR(AVERAGEIFS('Daily Log'!$V:$V,'Daily Log'!$A:$A,">="&$B$5,'Daily Log'!$A:$A,"<="&$B$6),0) | G16: =IF($B$19="Violation","WIP limit violation","")
A17: Average Sleep Hours | B17: =IFERROR(AVERAGEIFS('Daily Log'!$W:$W,'Daily Log'!$A:$A,">="&$B$5,'Daily Log'!$A:$A,"<="&$B$6),0) | G17: =IF($B$15>0,"Use reduced scope","")
A18: School Risk | B18: =IF(COUNTIFS('School Risk'!$A:$A,">="&$B$5,'School Risk'!$A:$A,"<="&$B$6,'School Risk'!$C:$C,"Red")>0,"Red",IF(COUNTIFS('School Risk'!$A:$A,">="&$B$5,'School Risk'!$A:$A,"<="&$B$6,'School Risk'!$C:$C,"Yellow")>0,"Yellow","Green"))
A19: WIP Status | B19: =IFERROR(INDEX('WIP Limit'!$I$2:$I$501,MATCH(MAX('WIP Limit'!$A$2:$A$501),'WIP Limit'!$A$2:$A$501,0)),"OK")
A23: Weekly Review Questions
A24: What did I break?
A25: What did I measure?
A26: What theory did I map it to?
A27: What evidence did I produce?
A28: What would a senior engineer reject as hand-wavy?

Sheet Daily Log
A1: Date | B1: Day | C1: Week Number | D1: Month | E1: Roadmap Phase | F1: Quarter | G1: Task Title | H1: Task Type | I1: Category | J1: System / Project | K1: Formal Concept | L1: Hypothesis / Goal | M1: Action Taken | N1: Result | O1: Evidence Produced? | P1: Evidence Link / Path | Q1: Break? | R1: Measure? | S1: Fix? | T1: Document? | U1: Time Spent Hours | V1: Energy Level | W1: Sleep Hours | X1: School Risk Level | Y1: Chaos Mode? | Z1: Status | AA1: Notes | AB1: Next Action
A2: 46167 | B2: =IF(A2="","",TEXT(A2,"dddd")) | C2: =IF(A2="","",WEEKNUM(A2,2)) | D2: =IF(A2="","",TEXT(A2,"mmmm")) | E2: Q1 Network and OS | F2: =IFERROR(IF(ISNUMBER(SEARCH("Q1",E2)),"Q1",IF(ISNUMBER(SEARCH("Q2",E2)),"Q2",IF(ISNUMBER(SEARCH("Q3",E2)),"Q3",IF(ISNUMBER(SEARCH("Q4",E2)),"Q4",IF(E2="School-Heavy Mode","School","N/A"))))),"N/A") | G2: Map VLAN and packet path | H2: Theory Mapping | I2: Networking | J2: VyOS / Router | K2: VLAN trunking, 802.1Q, broadcast domain | L2: Explain where tags appear and where routing begins. | M2: Mapped client -> switch -> VyOS subinterface -> service path. | N2: Theory note drafted with packet path diagram stub. | O2: Partial | P2: E:\Roadmaps\evidence\2026-05-25-vlan-packet-path.md | Q2: No | R2: Yes | S2: No | T2: Yes | U2: 1.5 | V2: 4 | W2: 7 | X2: Green | Y2: No | Z2: Done | AA2: Keep terms formal; avoid analogy-only explanation. | AB2: Add tcpdump evidence
A3: 46168 | B3: =IF(A3="","",TEXT(A3,"dddd")) | C3: =IF(A3="","",WEEKNUM(A3,2)) | D3: =IF(A3="","",TEXT(A3,"mmmm")) | E3: Q1 Network and OS | F3: =IFERROR(IF(ISNUMBER(SEARCH("Q1",E3)),"Q1",IF(ISNUMBER(SEARCH("Q2",E3)),"Q2",IF(ISNUMBER(SEARCH("Q3",E3)),"Q3",IF(ISNUMBER(SEARCH("Q4",E3)),"Q4",IF(E3="School-Heavy Mode","School","N/A"))))),"N/A") | G3: Break wrong default gateway | H3: Break / Failure Injection | I3: Networking | J3: Proxmox | K3: Default route and L3 forwarding | L3: A wrong gateway should fail off-subnet traffic while local subnet still works. | M3: Changed one test VM gateway during controlled window. | N3: Off-subnet ping failed; local ARP still visible. | O3: Yes | P3: E:\Roadmaps\evidence\2026-05-26-wrong-gw-transcript.txt | Q3: Yes | R3: Yes | S3: No | T3: No | U3: 2 | V3: 3 | W3: 6.5 | X3: Green | Y3: No | Z3: Done | AA3: Rollback path verified before starting. | AB3: Measure route and packet capture
A4: 46169 | B4: =IF(A4="","",TEXT(A4,"dddd")) | C4: =IF(A4="","",WEEKNUM(A4,2)) | D4: =IF(A4="","",TEXT(A4,"mmmm")) | E4: Q1 Network and OS | F4: =IFERROR(IF(ISNUMBER(SEARCH("Q1",E4)),"Q1",IF(ISNUMBER(SEARCH("Q2",E4)),"Q2",IF(ISNUMBER(SEARCH("Q3",E4)),"Q3",IF(ISNUMBER(SEARCH("Q4",E4)),"Q4",IF(E4="School-Heavy Mode","School","N/A"))))),"N/A") | G4: Measure wrong gateway behavior | H4: Measure | I4: Networking | J4: VyOS / Router | K4: Routing table lookup | L4: ip route, traceroute, and tcpdump should identify the selected next hop. | M4: Captured ip route, traceroute, ARP table, and tcpdump. | N4: Evidence shows traffic selected the wrong next hop. | O4: Yes | P4: E:\Roadmaps\evidence\2026-05-27-route-measurement.md | Q4: No | R4: Yes | S4: No | T4: Partial | U4: 2.5 | V4: 3 | W4: 6 | X4: Yellow | Y4: No | Z4: Done | AA4: Measurement layer is proof, not dashboard decoration. | AB4: Fix config and compare
A5: 46170 | B5: =IF(A5="","",TEXT(A5,"dddd")) | C5: =IF(A5="","",WEEKNUM(A5,2)) | D5: =IF(A5="","",TEXT(A5,"mmmm")) | E5: Q1 Network and OS | F5: =IFERROR(IF(ISNUMBER(SEARCH("Q1",E5)),"Q1",IF(ISNUMBER(SEARCH("Q2",E5)),"Q2",IF(ISNUMBER(SEARCH("Q3",E5)),"Q3",IF(ISNUMBER(SEARCH("Q4",E5)),"Q4",IF(E5="School-Heavy Mode","School","N/A"))))),"N/A") | G5: Fix routing config | H5: Fix | I5: Networking | J5: VyOS / Router | K5: Default route restoration | L5: Restoring correct gateway should restore off-subnet path. | M5: Restored gateway and compared route/traceroute output. | N5: Connectivity restored and route path matched expected gateway. | O5: Yes | P5: E:\Roadmaps\evidence\2026-05-28-routing-fix-diff.md | Q5: No | R5: Yes | S5: Yes | T5: Partial | U5: 1.5 | V5: 4 | W5: 7.5 | X5: Green | Y5: No | Z5: Done | AA5: Fix is only accepted because before/after output exists. | AB5: Write lab report
A6: 46171 | B6: =IF(A6="","",TEXT(A6,"dddd")) | C6: =IF(A6="","",WEEKNUM(A6,2)) | D6: =IF(A6="","",TEXT(A6,"mmmm")) | E6: Q1 Network and OS | F6: =IFERROR(IF(ISNUMBER(SEARCH("Q1",E6)),"Q1",IF(ISNUMBER(SEARCH("Q2",E6)),"Q2",IF(ISNUMBER(SEARCH("Q3",E6)),"Q3",IF(ISNUMBER(SEARCH("Q4",E6)),"Q4",IF(E6="School-Heavy Mode","School","N/A"))))),"N/A") | G6: Document gateway postmortem | H6: Document | I6: Documentation | J6: VyOS / Router | K6: Incident postmortem and route selection | L6: A reader should reproduce the failure and understand root cause. | M6: Wrote lab report/postmortem with commands, result, limitation. | N6: Level 2 lab report created. | O6: Yes | P6: E:\Roadmaps\evidence\lab-reports\wrong-default-gateway.md | Q6: N/A | R6: Yes | S6: Yes | T6: Yes | U6: 2 | V6: 4 | W6: 7 | X6: Green | Y6: No | Z6: Done | AA6: Senior review risk: need cleaner topology diagram. | AB6: Queue diagram cleanup
A7: 46172 | B7: =IF(A7="","",TEXT(A7,"dddd")) | C7: =IF(A7="","",WEEKNUM(A7,2)) | D7: =IF(A7="","",TEXT(A7,"mmmm")) | E7: Q1 Network and OS | F7: =IFERROR(IF(ISNUMBER(SEARCH("Q1",E7)),"Q1",IF(ISNUMBER(SEARCH("Q2",E7)),"Q2",IF(ISNUMBER(SEARCH("Q3",E7)),"Q3",IF(ISNUMBER(SEARCH("Q4",E7)),"Q4",IF(E7="School-Heavy Mode","School","N/A"))))),"N/A") | G7: CCNA subnetting and routing drill | H7: Certification Drill | I7: Certification | J7: Other | K7: Subnetting, static routing, ACL basics | L7: Timed drill should expose weak routing topics. | M7: Completed timed practice block and reviewed misses. | N7: Weak topics listed for retest. | O7: Partial | P7: E:\Roadmaps\evidence\cert\ccna-2026-05-30.md | Q7: No | R7: No | S7: No | T7: Yes | U7: 2 | V7: 3 | W7: 6.5 | X7: Green | Y7: No | Z7: Done | AA7: Subnetting speed is acceptable; ACL order needs review. | AB7: Retest ACL questions
A8: 46173 | B8: =IF(A8="","",TEXT(A8,"dddd")) | C8: =IF(A8="","",WEEKNUM(A8,2)) | D8: =IF(A8="","",TEXT(A8,"mmmm")) | E8: Q1 Network and OS | F8: =IFERROR(IF(ISNUMBER(SEARCH("Q1",E8)),"Q1",IF(ISNUMBER(SEARCH("Q2",E8)),"Q2",IF(ISNUMBER(SEARCH("Q3",E8)),"Q3",IF(ISNUMBER(SEARCH("Q4",E8)),"Q4",IF(E8="School-Heavy Mode","School","N/A"))))),"N/A") | G8: Weekly review and university architecture mapping | H8: Review | I8: University | J8: student-feedback-system | K8: C4 context and packet path | L8: Review should reject hand-wavy claims and pick next week scope. | M8: Answered five review gate questions and mapped school architecture artifact. | N8: Weekly review ready with best evidence link. | O8: Yes | P8: E:\Roadmaps\evidence\weekly\2026-W22-review.md | Q8: N/A | R8: Yes | S8: N/A | T8: Yes | U8: 1.5 | V8: 4 | W8: 8 | X8: Green | Y8: No | Z8: Done | AA8: No new tool collecting; next week continues Q1 evidence cleanup. | AB8: Start next theory note

Sheet Weekly Review
A1: Week Start | B1: Week End | C1: Main Roadmap Phase | D1: Weekly Theme | E1: What did I break? | F1: What did I measure? | G1: What theory did I map it to? | H1: What evidence did I produce? | I1: What would a senior engineer reject as hand-wavy? | J1: Best Evidence Link | K1: Lab Report Link | L1: Postmortem Link | M1: ADR Link | N1: Total Focus Hours | O1: Evidence Count | P1: Labs Completed | Q1: Certification Progress | R1: School Risk Summary | S1: Chaos Mode Triggered? | T1: Review Status | U1: Decision for Next Week
A2: 46167 | B2: 46173 | C2: Q1 Network and OS | D2: Wrong default gateway: break, measure, fix, document | E2: Changed a test VM default gateway. | F2: ip route, traceroute, ARP, tcpdump, route diff. | G2: Default route behavior, L3 forwarding, longest prefix match. | H2: Command transcript, route output, lab report, weekly review note. | I2: Topology diagram still needs clearer gateway/subnet labels. | J2: E:\Roadmaps\evidence\weekly\2026-W22-review.md | K2: E:\Roadmaps\evidence\lab-reports\wrong-default-gateway.md | L2: E:\Roadmaps\evidence\postmortems\wrong-default-gateway.md | N2: =IFERROR(SUMIFS('Daily Log'!$U:$U,'Daily Log'!$A:$A,">="&A2,'Daily Log'!$A:$A,"<="&B2),0) | O2: =IFERROR(COUNTIFS('Daily Log'!$A:$A,">="&A2,'Daily Log'!$A:$A,"<="&B2,'Daily Log'!$O:$O,"Yes")+COUNTIFS('Daily Log'!$A:$A,">="&A2,'Daily Log'!$A:$A,"<="&B2,'Daily Log'!$O:$O,"Partial"),0) | P2: =IFERROR(COUNTIFS('Daily Log'!$A:$A,">="&A2,'Daily Log'!$A:$A,"<="&B2,'Daily Log'!$Z:$Z,"Done",'Daily Log'!$H:$H,"Build")+COUNTIFS('Daily Log'!$A:$A,">="&A2,'Daily Log'!$A:$A,"<="&B2,'Daily Log'!$Z:$Z,"Done",'Daily Log'!$H:$H,"Break / Failure Injection")+COUNTIFS('Daily Log'!$A:$A,">="&A2,'Daily Log'!$A:$A,"<="&B2,'Daily Log'!$Z:$Z,"Done",'Daily Log'!$H:$H,"Measure")+COUNTIFS('Daily Log'!$A:$A,">="&A2,'Daily Log'!$A:$A,"<="&B2,'Daily Log'!$Z:$Z,"Done",'Daily Log'!$H:$H,"Fix")+COUNTIFS('Daily Log'!$A:$A,">="&A2,'Daily Log'!$A:$A,"<="&B2,'Daily Log'!$Z:$Z,"Done",'Daily Log'!$H:$H,"Document"),0) | Q2: CCNA ACL order weak area found | R2: Green; no blocking deadline | S2: No | T2: Done | U2: Continue

Sheet Evidence Queue
A1: Evidence ID | B1: Date | C1: Related Task | D1: Roadmap Phase | E1: Evidence Type | F1: Evidence Level | G1: File / Link / Path | H1: System / Project | I1: Formal Concept | J1: What It Proves | K1: What It Does Not Prove | L1: Needs Cleanup? | M1: Portfolio Candidate? | N1: Status | O1: Notes
A2: EV-20260525-001 | B2: 46167 | C2: Map VLAN and packet path | D2: Q1 Network and OS | E2: Diagram | F2: Level 1 Clean Observation | G2: E:\Roadmaps\evidence\2026-05-25-vlan-packet-path.md | H2: VyOS / Router | I2: 802.1Q tagging | J2: Where frames remain L2 and where routing begins. | K2: It does not prove live packet counters. | L2: Yes | M2: No | N2: Cleaned | O2: Add capture later.
A3: EV-20260526-001 | B3: 46168 | C3: Break wrong default gateway | D3: Q1 Network and OS | E3: Command Transcript | F3: Level 0 Raw | G3: E:\Roadmaps\evidence\2026-05-26-wrong-gw-transcript.txt | H3: Proxmox | I3: Default route | J3: Wrong gateway changes selected next hop. | K3: It does not prove all VLAN paths. | L3: Yes | M3: No | N3: Raw | O3: Cleanup needed.
A4: EV-20260527-001 | B4: 46169 | C4: Measure wrong gateway behavior | D4: Q1 Network and OS | E4: Packet Capture | F4: Level 1 Clean Observation | G4: E:\Roadmaps\evidence\2026-05-27-route-measurement.md | H4: VyOS / Router | I4: Routing lookup | J4: Traceroute and tcpdump identify the failure point. | K4: It does not prove application health. | L4: No | M4: No | N4: Linked to Report
A5: EV-20260528-001 | B5: 46170 | C5: Fix routing config | D5: Q1 Network and OS | E5: Config Diff | F5: Level 1 Clean Observation | G5: E:\Roadmaps\evidence\2026-05-28-routing-fix-diff.md | H5: VyOS / Router | I5: Gateway restore | J5: Before/after config caused recovery. | K5: It does not prove long-term stability. | L5: No | M5: No | N5: Reviewed
A6: EV-20260529-001 | B6: 46171 | C6: Document gateway postmortem | D6: Q1 Network and OS | E6: Lab Report | F6: Level 2 Lab Report | G6: E:\Roadmaps\evidence\lab-reports\wrong-default-gateway.md | H6: VyOS / Router | I6: Incident documentation | J6: Failure is reproducible and explainable. | K6: Diagram still needs polish. | L6: No | M6: Yes | N6: Reviewed | O6: Candidate for portfolio after diagram cleanup.

Sheet WIP Limit
A1: Date | B1: Active University Deliverable | C1: University Status | D1: Active Certification Track | E1: Certification Status | F1: Active Homelab Experiment / Document | G1: Homelab Status | H1: Total Active Items | I1: WIP Limit Status | J1: Action Required | K1: Notes
A2: 46167 | B2: None | C2: None | D2: CCNA | E2: Active | F2: wrong-default-gateway lab | G2: Active | H2: =COUNTIF(C2:G2,"Active")+COUNTIF(C2:G2,"Blocked") | I2: =IF(H2>3,"Violation",IF(H2=3,"Warning","OK")) | J2: =IF(COUNTIFS('School Risk'!$A:$A,A2,'School Risk'!$C:$C,"Red")>0,"Finish School Work First",IF(I2="Violation","Drop Optional Task",IF(I2="Warning","Documentation Only","Continue"))) | K2: One cert track and one homelab item active.
A3: 46168 | B3: None | C3: None | D3: CCNA | E3: Active | F3: wrong-default-gateway lab | G3: Active | H3: =COUNTIF(C3:G3,"Active")+COUNTIF(C3:G3,"Blocked") | I3: =IF(H3>3,"Violation",IF(H3=3,"Warning","OK")) | J3: =IF(COUNTIFS('School Risk'!$A:$A,A3,'School Risk'!$C:$C,"Red")>0,"Finish School Work First",IF(I3="Violation","Drop Optional Task",IF(I3="Warning","Documentation Only","Continue"))) | K3: Within WIP limit.
A4: 46169 | B4: Architecture mapping note | C4: Planned | D4: CCNA | E4: Active | F4: wrong-default-gateway lab | G4: Active | H4: =COUNTIF(C4:G4,"Active")+COUNTIF(C4:G4,"Blocked") | I4: =IF(H4>3,"Violation",IF(H4=3,"Warning","OK")) | J4: =IF(COUNTIFS('School Risk'!$A:$A,A4,'School Risk'!$C:$C,"Red")>0,"Finish School Work First",IF(I4="Violation","Drop Optional Task",IF(I4="Warning","Documentation Only","Continue"))) | K4: University item planned but not active.
A5: 46170 | B5: Architecture mapping note | C5: Planned | D5: CCNA | E5: Active | F5: routing fix | G5: Active | H5: =COUNTIF(C5:G5,"Active")+COUNTIF(C5:G5,"Blocked") | I5: =IF(H5>3,"Violation",IF(H5=3,"Warning","OK")) | J5: =IF(COUNTIFS('School Risk'!$A:$A,A5,'School Risk'!$C:$C,"Red")>0,"Finish School Work First",IF(I5="Violation","Drop Optional Task",IF(I5="Warning","Documentation Only","Continue")))
A6: 46171 | B6: Architecture mapping note | C6: Planned | D6: CCNA | E6: Active | F6: gateway lab report | G6: Active | H6: =COUNTIF(C6:G6,"Active")+COUNTIF(C6:G6,"Blocked") | I6: =IF(H6>3,"Violation",IF(H6=3,"Warning","OK")) | J6: =IF(COUNTIFS('School Risk'!$A:$A,A6,'School Risk'!$C:$C,"Red")>0,"Finish School Work First",IF(I6="Violation","Drop Optional Task",IF(I6="Warning","Documentation Only","Continue"))) | K6: Documentation counts as homelab document.
A7: 46172 | B7: None | C7: None | D7: CCNA | E7: Active | F7: gateway lab report | G7: Paused | H7: =COUNTIF(C7:G7,"Active")+COUNTIF(C7:G7,"Blocked") | I7: =IF(H7>3,"Violation",IF(H7=3,"Warning","OK")) | J7: =IF(COUNTIFS('School Risk'!$A:$A,A7,'School Risk'!$C:$C,"Red")>0,"Finish School Work First",IF(I7="Violation","Drop Optional Task",IF(I7="Warning","Documentation Only","Continue"))) | K7: Certification block only.
A8: 46173 | B8: Architecture mapping note | C8: Active | D8: CCNA | E8: Active | F8: weekly review | G8: Active | H8: =COUNTIF(C8:G8,"Active")+COUNTIF(C8:G8,"Blocked") | I8: =IF(H8>3,"Violation",IF(H8=3,"Warning","OK")) | J8: =IF(COUNTIFS('School Risk'!$A:$A,A8,'School Risk'!$C:$C,"Red")>0,"Finish School Work First",IF(I8="Violation","Drop Optional Task",IF(I8="Warning","Documentation Only","Continue"))) | K8: Watch context switching.

Sheet Chaos Mode
A1: Date | B1: Two deadlines within 7 days? | C1: Exam within 5 days? | D1: Sleep below 6h for 2 nights? | E1: Lab unresolved after 2h? | F1: Group assignment depends on me? | G1: Mental fatigue / context switching slow? | H1: Chaos Mode Status | I1: Allowed Work | J1: Banned Work | K1: Recovery Action | L1: Notes
A2: 46167 | B2: No | C2: No | D2: No | E2: No | F2: No | G2: No | H2: =IF(COUNTIF(B2:F2,"Yes")>0,"On",IF(OR(D2="Yes",G2="Yes"),"Watch","Off")) | I2: Theory mapping note | K2: Write short note | L2: Normal Q1 week.
A3: 46168 | B3: No | C3: No | D3: No | E3: No | F3: No | G3: No | H3: =IF(COUNTIF(B3:F3,"Yes")>0,"On",IF(OR(D3="Yes",G3="Yes"),"Watch","Off")) | I3: Keep services stable | K3: Restore service | L3: Controlled break only.
A4: 46169 | B4: No | C4: No | D4: No | E4: No | F4: No | G4: Yes | H4: =IF(COUNTIF(B4:F4,"Yes")>0,"On",IF(OR(D4="Yes",G4="Yes"),"Watch","Off")) | I4: Evidence parking | J4: Late-night debugging | K4: Sleep | L4: Watch context switching.
A5: 46170 | B5: No | C5: No | D5: No | E5: No | F5: No | G5: No | H5: =IF(COUNTIF(B5:F5,"Yes")>0,"On",IF(OR(D5="Yes",G5="Yes"),"Watch","Off")) | I5: Keep services stable | K5: Run
A6: 46171 | B6: No | C6: No | D6: No | E6: No | F6: No | G6: No | H6: =IF(COUNTIF(B6:F6,"Yes")>0,"On",IF(OR(D6="Yes",G6="Yes"),"Watch","Off")) | I6: Documentation only | K6: Close backlog
A7: 46172 | B7: No | C7: No | D7: No | E7: No | F7: No | G7: No | H7: =IF(COUNTIF(B7:F7,"Yes")>0,"On",IF(OR(D7="Yes",G7="Yes"),"Watch","Off")) | I7: Maintenance review | K7: Sleep
A8: 46173 | B8: No | C8: No | D8: No | E8: No | F8: No | G8: No | H8: =IF(COUNTIF(B8:F8,"Yes")>0,"On",IF(OR(D8="Yes",G8="Yes"),"Watch","Off")) | I8: Documentation only | K8: Buffer week

Sheet Habit & Energy
A1: Date | B1: Sleep Hours | C1: Focus Hours | D1: Deep Work Blocks | E1: Exercise / Run? | F1: Energy Level | G1: Stress Level | H1: Context Switching Level | I1: Late Night Debugging? | J1: Recovery Done? | K1: Notes
A2: 46167 | B2: 7 | C2: 1.5 | D2: 1 | E2: No | F2: 4 | G2: Low | H2: Low | I2: No | J2: Yes | K2: Theory mapping only.
A3: 46168 | B3: 6.5 | C3: 2 | D3: 1 | E3: No | F3: 3 | G3: Medium | H3: Medium | I3: No | J3: Yes | K3: Controlled break window.
A4: 46169 | B4: 6 | C4: 2.5 | D4: 2 | E4: No | F4: 3 | G4: Medium | H4: High | I4: No | J4: Yes | K4: Measurement was slower than expected.
A5: 46170 | B5: 7.5 | C5: 1.5 | D5: 1 | E5: Yes | F5: 4 | G5: Low | H5: Low | I5: No | J5: Yes | K5: Fix completed before night.
A6: 46171 | B6: 7 | C6: 2 | D6: 1 | E6: No | F6: 4 | G6: Low | H6: Medium | I6: No | J6: Yes | K6: Documentation block.
A7: 46172 | B7: 6.5 | C7: 2 | D7: 1 | E7: Yes | F7: 3 | G7: Medium | H7: Medium | I7: No | J7: Yes | K7: CCNA drill.
A8: 46173 | B8: 8 | C8: 1.5 | D8: 1 | E8: No | F8: 4 | G8: Low | H8: Low | I8: No | J8: Yes | K8: Weekly review.

Sheet Certification
A1: AWS SAA is bonus only: keep it blocked/optional unless CCNA and CKA are done or genuinely under control.
A2: Date | B2: Certification Track | C2: Domain / Topic | D2: Study Type | E2: Time Spent Hours | F2: Practice Score | G2: Weak Area | H2: Retest Needed? | I2: Evidence Link | J2: Status | K2: Notes
A3: 46172 | B3: CCNA | C3: Subnetting and static routing | D3: Practice Exam | E3: 2 | F3: 78 | G3: ACL order | H3: Yes | I3: E:\Roadmaps\evidence\cert\ccna-2026-05-30.md | J3: Needs Retest | K3: Retest weak ACL questions.
A4: 46173 | B4: CCNA | C4: Route selection review | D4: Review | E4: 0.5 | F4: 0 | G4: Default route explanation | H4: No | I4: E:\Roadmaps\evidence\weekly\2026-W22-review.md | J4: Done | K4: Maps to wrong-gateway lab.

Sheet School Risk
A1: Date | B1: Course | C1: Current Risk | D1: Next Deadline | E1: Days Until Deadline | F1: Required Output | G1: Roadmap Mapping | H1: Action This Week | I1: Group Dependency? | J1: Status | K1: Notes
A2: 46173 | B2: Information Systems Analysis | C2: Green | D2: 46187 | E2: =IFERROR(D2-A2,0) | F2: C4 Context draft | G2: student-feedback-system architecture | H2: Draft one diagram | I2: No | J2: On Track | K2: Sample before school-heavy mode.
A3: 46237 | B3: Project Management | C3: Yellow | D3: 46244 | E3: =IFERROR(D3-A3,0) | F3: Risk register | G3: Roadmap risk register | H3: Clarify rubric | I3: Yes | J3: Needs Attention | K3: School-heavy sample row.

Sheet Monthly Review
A1: Month | B1: Roadmap Phase | C1: Formal Explanation Quality | D1: Evidence Quality | E1: Debugging Discipline | F1: Diagram Quality | G1: Postmortem Quality | H1: Certification Progress | I1: Restraint From Tool Collecting | J1: Average Score | K1: Kill List Item | L1: Best Artifact | M1: Weakest Area | N1: Decision for Next Month | O1: Notes
A2: May 2026 | B2: Q1 Network and OS | C2: 4 | D2: 3 | E2: 4 | F2: 3 | G2: 3 | H2: 3 | I2: 5 | J2: =IFERROR(AVERAGE(C2:I2),0) | K2: Archive duplicated notes | L2: E:\Roadmaps\evidence\lab-reports\wrong-default-gateway.md | M2: Topology diagram quality | N2: Continue | O2: Keep evidence stronger than tool list.

Sheet Lookup
A1: List Name | B1: Value
A2: RoadmapPhase | B2: Q1 Network and OS
A3: RoadmapPhase | B3: Q2 Kubernetes and Runtime
A4: RoadmapPhase | B4: Q3 Database and Security
A5: RoadmapPhase | B5: Q4 Production and Portfolio
A6: RoadmapPhase | B6: School-Heavy Mode
A7: RoadmapPhase | B7: Maintenance
A8: RoadmapPhase | B8: Recovery
A9: TaskType | B9: Theory Mapping
A10: TaskType | B10: Build
A11: TaskType | B11: Break / Failure Injection
A12: TaskType | B12: Measure
... A53: YesNo | B53: No
A54: EnergyLevel | B54: 1
A55: EnergyLevel | B55: 2
A56: EnergyLevel | B56: 3
A57: EnergyLevel | B57: 4
A58: EnergyLevel | B58: 5
A59: SchoolRiskLevel | B59: Green
A60: SchoolRiskLevel | B60: Yellow
A61: SchoolRiskLevel | B61: Red
A62: Status | B62: Planned
A63: Status | B63: In Progress
A64: Status | B64: Done
A65: Status | B65: Blocked
A66: Status | B66: Deferred
A67: Status | B67: Cancelled
A68: ReviewStatus | B68: Not Started
A69: ReviewStatus | B69: In Progress
A70: ReviewStatus | B70: Done
... A167: SchoolStatus | B167: Waiting for Teammate
